{
  "version": "2021.1",
  "applications": [],
  "platforms": [
    {
      "name": "vitis_led_dp"
    }
  ],
  "systems": [
    {
      "name": "gpio_led_system",
      "platform": "C:/Users/willylin/Desktop/vivado_part/example/gpio_led/vitis_led/vitis_led_dp/export/vitis_led_dp/vitis_led_dp.xpfm",
      "sysConfig": "vitis_led_dp",
      "buildConfig": "Debug",
      "applications": [
        {
          "name": "gpio_led",
          "platform": "C:/Users/willylin/Desktop/vivado_part/example/gpio_led/vitis_led/vitis_led_dp/export/vitis_led_dp/vitis_led_dp.xpfm",
          "platformPath": "C:\\Users\\willylin\\Desktop\\vivado_part\\example\\gpio_led\\vitis_led\\vitis_led_dp\\export\\vitis_led_dp",
          "sysConfig": "vitis_led_dp",
          "domain": "standalone_domain",
          "system": "gpio_led_system"
        }
      ],
      "platformPath": "C:\\Users\\willylin\\Desktop\\vivado_part\\example\\gpio_led\\vitis_led\\vitis_led_dp\\export\\vitis_led_dp"
    },
    {
      "name": "xgpio_example_2_system",
      "platform": "C:/Users/willylin/Desktop/vivado_part/example/gpio_led/vitis_led/vitis_led_dp/export/vitis_led_dp/vitis_led_dp.xpfm",
      "sysConfig": "vitis_led_dp",
      "buildConfig": "Debug",
      "applications": [
        {
          "name": "xgpio_example_2",
          "platform": "C:/Users/willylin/Desktop/vivado_part/example/gpio_led/vitis_led/vitis_led_dp/export/vitis_led_dp/vitis_led_dp.xpfm",
          "platformPath": "C:\\Users\\willylin\\Desktop\\vivado_part\\example\\gpio_led\\vitis_led\\vitis_led_dp\\export\\vitis_led_dp",
          "sysConfig": "vitis_led_dp",
          "domain": "standalone_domain",
          "system": "xgpio_example_2_system"
        }
      ],
      "platformPath": "C:\\Users\\willylin\\Desktop\\vivado_part\\example\\gpio_led\\vitis_led\\vitis_led_dp\\export\\vitis_led_dp"
    },
    {
      "name": "xgpio_intr_tapp_example_2_system",
      "platform": "C:/Users/willylin/Desktop/vivado_part/example/gpio_led/vitis_led/vitis_led_dp/export/vitis_led_dp/vitis_led_dp.xpfm",
      "sysConfig": "vitis_led_dp",
      "buildConfig": "Debug",
      "applications": [
        {
          "name": "xgpio_intr_tapp_example_2",
          "platform": "C:/Users/willylin/Desktop/vivado_part/example/gpio_led/vitis_led/vitis_led_dp/export/vitis_led_dp/vitis_led_dp.xpfm",
          "platformPath": "C:\\Users\\willylin\\Desktop\\vivado_part\\example\\gpio_led\\vitis_led\\vitis_led_dp\\export\\vitis_led_dp",
          "sysConfig": "vitis_led_dp",
          "domain": "standalone_domain",
          "system": "xgpio_intr_tapp_example_2_system"
        }
      ],
      "platformPath": "C:\\Users\\willylin\\Desktop\\vivado_part\\example\\gpio_led\\vitis_led\\vitis_led_dp\\export\\vitis_led_dp"
    }
  ],
  "others": []
}